insert into tb_role (ID, ROLE_NAME)
values ('0', '超级管理员');

insert into role_sysresource (ID, ROLEID, SYSRESOURCEID)
values (null, '0', '402880ff407bff6201407c0d3f470001');
insert into role_sysresource (ID, ROLEID, SYSRESOURCEID)
values (null, '0', '4028688146efadc10146efbab1c80002');
insert into role_sysresource (ID, ROLEID, SYSRESOURCEID)
values (null, '0', '40286881477faef501477fb27c240003');
insert into role_sysresource (ID, ROLEID, SYSRESOURCEID)
values (null, '0', '4028800140cd20680140cd4b6e2e0005');
insert into role_sysresource (ID, ROLEID, SYSRESOURCEID)
values (null, '0', '40286881478ac5f401478adcc101000b');
insert into role_sysresource (ID, ROLEID, SYSRESOURCEID)
values (null, '0', '40286881478ac5f401478ae02cf8000e');
insert into role_sysresource (ID, ROLEID, SYSRESOURCEID)
values (null, '0', '40286881478ac5f401478adacbf5000a');
insert into role_sysresource (ID, ROLEID, SYSRESOURCEID)
values (null, '0', '40286881478ac5f401478adf37fc000d');
insert into role_sysresource (ID, ROLEID, SYSRESOURCEID)
values (null, '0', '40286881478ac5f401478addd070000c');
insert into role_sysresource (ID, ROLEID, SYSRESOURCEID)
values (null, '0', '402880ff407bff6201407c0dca220002');
insert into role_sysresource (ID, ROLEID, SYSRESOURCEID)
values (null, '0', '402880ff407bff6201407c14e1de0006');
insert into role_sysresource (ID, ROLEID, SYSRESOURCEID)
values (null, '0', '402880ff407bff6201407c159b1c0007');
insert into role_sysresource (ID, ROLEID, SYSRESOURCEID)
values (null, '0', '402880ff407bff6201407c18d8840008');
insert into role_sysresource (ID, ROLEID, SYSRESOURCEID)
values (null, '0', '402880ff407bff6201407c23f7610009');
insert into role_sysresource (ID, ROLEID, SYSRESOURCEID)
values (null, '0', '297e36d447907a420147907d0cf50002');
insert into role_sysresource (ID, ROLEID, SYSRESOURCEID)
values (null, '0', '402880ff407bff6201407c0dca2200d3');
insert into role_sysresource (ID, ROLEID, SYSRESOURCEID)
values (null, '0', '297e36d4479054d50147906320910012');
insert into role_sysresource (ID, ROLEID, SYSRESOURCEID)
values (null, '0', '297e36d4479054d5014790575c4c0002');
insert into role_sysresource (ID, ROLEID, SYSRESOURCEID)
values (null, '0', '297e36d4479054d50147905cecf40008');
insert into role_sysresource (ID, ROLEID, SYSRESOURCEID)
values (null, '0', '4028800140cd20680140cd4b6e2e007d');
insert into role_sysresource (ID, ROLEID, SYSRESOURCEID)
values (null, '0', '4028800140cd20680140cd4b6e2e006d');
insert into role_sysresource (ID, ROLEID, SYSRESOURCEID)
values (null, '0', '402880013fd05227013fd06220830002');
insert into role_sysresource (ID, ROLEID, SYSRESOURCEID)
values (null, '0', '402880013fd05227013fd0631e9a0003');
insert into role_sysresource (ID, ROLEID, SYSRESOURCEID)
values (null, '0', '402880f7456805e6014569542f6e0088');
insert into role_sysresource (ID, ROLEID, SYSRESOURCEID)
values (null, '0', '297e36d4478f48eb01478f5cfcf5000c');
insert into role_sysresource (ID, ROLEID, SYSRESOURCEID)
values (null, '0', '402880013fd05227013fd066197a0004');
insert into role_sysresource (ID, ROLEID, SYSRESOURCEID)
values (null, '0', '297e36d4478f48eb01478f50dac70005');
insert into role_sysresource (ID, ROLEID, SYSRESOURCEID)
values (null, '0', '297e36d4478f48eb01478f51f8060006');
insert into role_sysresource (ID, ROLEID, SYSRESOURCEID)
values (null, '0', '402880013fd05227013fd06793970006');
insert into role_sysresource (ID, ROLEID, SYSRESOURCEID)
values (null, '0', '402880013fd05227013fd066aec50005');
insert into role_sysresource (ID, ROLEID, SYSRESOURCEID)
values (null, '0', '402880ea42da18c40142db973e3c0374');
insert into role_sysresource (ID, ROLEID, SYSRESOURCEID)
values (null, '0', '402880ea42da18c40142db98551b0377');
insert into role_sysresource (ID, ROLEID, SYSRESOURCEID)
values (null, '0', '402880013fd05227013fd068f54a0007');
insert into role_sysresource (ID, ROLEID, SYSRESOURCEID)
values (null, '0', '402880013fd05227013fd069c1260008');
insert into role_sysresource (ID, ROLEID, SYSRESOURCEID)
values (null, '0', '402880ea42da18c40142db9959b9037b');
insert into role_sysresource (ID, ROLEID, SYSRESOURCEID)
values (null, '0', '402880013fd05227013fd06a960a000a');
insert into role_sysresource (ID, ROLEID, SYSRESOURCEID)
values (null, '0', '402880ff407ad49101407bb063bc0004');
insert into role_sysresource (ID, ROLEID, SYSRESOURCEID)
values (null, '0', '402880ff407ad49101407bde38950009');
insert into role_sysresource (ID, ROLEID, SYSRESOURCEID)
values (null, '0', '402880ff407ad49101407be10fa2000a');
insert into role_sysresource (ID, ROLEID, SYSRESOURCEID)
values (null, '0', '402880ff407ad49101407be5f0e7000b');
insert into role_sysresource (ID, ROLEID, SYSRESOURCEID)
values (null, '0', '402880013fd05227013fd06a4a0d0009');
insert into role_sysresource (ID, ROLEID, SYSRESOURCEID)
values (null, '0', '297e36d4478f7f9701478f8a271f0010');
insert into role_sysresource (ID, ROLEID, SYSRESOURCEID)
values (null, '0', '402880013fd05227013fd06fbe0c008d');
insert into role_sysresource (ID, ROLEID, SYSRESOURCEID)
values (null, '0', '402880ea42da18c40142db9bafcf0381');
insert into role_sysresource (ID, ROLEID, SYSRESOURCEID)
values (null, '0', '402880013fd05227013fd06fbe0c000d');
insert into role_sysresource (ID, ROLEID, SYSRESOURCEID)
values (null, '0', '402880013fd05227013fd070fbfa000e');
insert into role_sysresource (ID, ROLEID, SYSRESOURCEID)
values (null, '0', '402880ea42da18c40142db9a4978037d');
insert into role_sysresource (ID, ROLEID, SYSRESOURCEID)
values (null, '0', '402880013fd05227013fd072ae000010');
insert into role_sysresource (ID, ROLEID, SYSRESOURCEID)
values (null, '0', '402880ff407ad49101407bec82c9000c');
insert into role_sysresource (ID, ROLEID, SYSRESOURCEID)
values (null, '0', '4028800040848cd9014084e92a410002');
insert into role_sysresource (ID, ROLEID, SYSRESOURCEID)
values (null, '0', '40288000407f79a101407fa634990005');
insert into role_sysresource (ID, ROLEID, SYSRESOURCEID)
values (null, '0', '402880013fd05227013fd0721ab8000f');
insert into role_sysresource (ID, ROLEID, SYSRESOURCEID)
values (null, '0', '297e36d447901f380147902d1cdd0017');


insert into tb_clustersinglelogin (ID, ACCOUNT, SESSIONID, LASTDATE, TRYCOUNT)
values ('8a8a8a8147a964410147a96ff9c50004', 'admin', 'E198A6C262C05281682BA83CE88AD505', null, 0);

insert into tb_depart (ID, DEPTNO, DEPTNAME, LOCATION, ISENABLED, PARENTID, SOURCES, NOTE, FLAG, DEPT_REF_CODE)
values ('402880fe46dc21ec0146dc4c1f3e0013', 'deptLRJ', '测试部门', null, 0, '0', 0, null, 1, '402880fe46dc21ec0146dc4c1f3e0013');




INSERT INTO `tb_sysresource` VALUES ('297e36d4478effde01478f0c6f750007', '/user/allocateUserForRole.action', '0', '/user/allocateUserForRole.action', 'sysuser', '/user/allocateUserForRole.action', '4', null, null, null);
INSERT INTO `tb_sysresource` VALUES ('297e36d4478f48eb01478f50dac70005', '/allocateDeptForUser.jsp', '402880013fd05227013fd066197a0004', '用户信息—编辑—选择部门', '选择部门', '/allocateDeptForUser.jsp', '1', null, null, null);
INSERT INTO `tb_sysresource` VALUES ('297e36d4478f48eb01478f51f8060006', '/user/userSave.action', '402880013fd05227013fd066197a0004', '用户信息—编辑—保存', '保存', '/user/userSave.action', '1', null, null, null);
INSERT INTO `tb_sysresource` VALUES ('297e36d4478f48eb01478f5cfcf5000c', '/user/personPaswUpdate', '402880f7456805e6014569542f6e0088', '用户信息—修改密码—保存', '保存密码', '/user/personPaswUpdate', '1', null, null, null);
INSERT INTO `tb_sysresource` VALUES ('297e36d4478f7f9701478f8a271f0010', '/dept/deptUpdate/deptSave', '402880013fd05227013fd06a4a0d0009', '部门信息—编辑—保存', '保存', '/dept/deptUpdate/deptSave', '1', null, null, null);
INSERT INTO `tb_sysresource` VALUES ('297e36d447901f3801479028a6380011', '/job/jobSave.action', '0', '/job/jobSave.action', 'job', '/job/jobSave.action', '4', null, null, null);
INSERT INTO `tb_sysresource` VALUES ('297e36d447901f380147902d1cdd0017', '/job/jobUpdate/jobSave', '402880013fd05227013fd0721ab8000f', '职务信息—编辑—保存', '保存', '/job/jobUpdate/jobSave', '1', null, null, null);
INSERT INTO `tb_sysresource` VALUES ('297e36d447901f380147903369ec0022', '/user/allocateUserForJob.action', '0', '/user/allocateUserForJob.action', '/user/allocateUserForJob.action', '/user/allocateUserForJob.action', '4', null, null, null);
INSERT INTO `tb_sysresource` VALUES ('297e36d4479036310147904fe30f0012', '/dept/loadChildrenSysResource.action', '0', '/dept/loadChildrenSysResource.action', '/dept/loadChildrenSysResource.action', '/dept/loadChildrenSysResource.action', '4', null, null, null);
INSERT INTO `tb_sysresource` VALUES ('297e36d44790363101479050cdce0014', '/dept/getTreeAllSysResource.action', '0', '/dept/getTreeAllSysResource.action', '/dept/getTreeAllSysResource.action', '/dept/getTreeAllSysResource.action', '4', null, null, null);
INSERT INTO `tb_sysresource` VALUES ('297e36d4479054d5014790575c4c0002', '/sysresource/meunResourceAdd', '402880ff407bff6201407c0dca2200d3', '资源子资源维护—添加菜单', '添加菜单', '/sysresource/meunResourceAdd', '1', null, null, null);
INSERT INTO `tb_sysresource` VALUES ('297e36d4479054d501479057add60003', '/html/sysresource/meunResourceAdd.jsp', '0', '/html/sysresource/meunResourceAdd.jsp', '/html/sysresource/meunResourceAdd.jsp', '/html/sysresource/meunResourceAdd.jsp', '4', null, null, null);
INSERT INTO `tb_sysresource` VALUES ('297e36d4479054d50147905cecf40008', '/sysresource/saveSysResource', '297e36d4479054d5014790575c4c0002', '资源子资源维护—添加菜单—保存', '保存', '/sysresource/saveSysResource', '1', null, null, null);
INSERT INTO `tb_sysresource` VALUES ('297e36d4479054d50147906320910012', '/sysresource/saveSupForsubResource', '402880ff407bff6201407c0dca2200d3', '资源子资源维护—提交', '提交', '/sysresource/saveSupForsubResource', '1', null, null, null);
INSERT INTO `tb_sysresource` VALUES ('297e36d4479054d5014790639a590013', '/sysresource/saveSupForsubResource.action', '0', '/sysresource/saveSupForsubResource.action', '/sysresource/saveSupForsubResource.action', '/sysresource/saveSupForsubResource.action', '4', null, null, null);
INSERT INTO `tb_sysresource` VALUES ('297e36d4479054d501479069f306001e', '/html/user/userAdd.jsp', '0', '/html/user/userAdd.jsp', '/html/user/userAdd.jsp', '/html/user/userAdd.jsp', '4', null, null, null);
INSERT INTO `tb_sysresource` VALUES ('297e36d4479054d50147907308c40021', '/html/user/personPaswUpdate.jsp', '0', '/html/user/personPaswUpdate.jsp', '/html/user/personPaswUpdate.jsp', '/html/user/personPaswUpdate.jsp', '4', null, null, null);
INSERT INTO `tb_sysresource` VALUES ('297e36d447907a420147907d0cf50002', '/role/roleadd.action', '402880ff407bff6201407c0dca220002', '角色管理—添加', '添加', 'role_add', '1', null, null, null);
INSERT INTO `tb_sysresource` VALUES ('297e36d447907a420147907dd2730003', '/html/role/roleAdd.jsp', '0', '/html/role/roleAdd.jsp', '/html/role/roleAdd.jsp', '/html/role/roleAdd.jsp', '4', null, null, null);
INSERT INTO `tb_sysresource` VALUES ('297e36d447907a4201479084f182000b', '/role/addRole', '297e36d447907a420147907d0cf50002', '角色管理—添加—保存', '保存', '/role/addRole', '1', null, null, null);
INSERT INTO `tb_sysresource` VALUES ('297e36d447907a420147908821510010', 'role_edit', '402880ff407bff6201407c0dca220002', '角色管理—编辑', '编辑', 'role_edit', '1', null, null, null);
INSERT INTO `tb_sysresource` VALUES ('297e36d447907a420147908c35900015', '/role/edit/save', '297e36d447907a420147908821510010', '角色管理—编辑—保存', '保存', '/role/edit/save', '1', null, null, null);
INSERT INTO `tb_sysresource` VALUES ('297e36d447907a420147908de09b0019', 'role_del', '402880ff407bff6201407c0dca220002', '角色管理—删除', '删除', 'role_del', '1', null, null, null);
INSERT INTO `tb_sysresource` VALUES ('297e36d447907a4201479095b20c0020', '/html/dept/deptAdd.jsp', '0', '/html/dept/deptAdd.jsp', '/html/dept/deptAdd.jsp', '/html/dept/deptAdd.jsp', '4', null, null, null);
INSERT INTO `tb_sysresource` VALUES ('297e36d447907a4201479096f14d0024', '/dept/deptSave.action', '0', '/dept/deptSave.action', '/dept/deptSave.action', '/dept/deptSave.action', '4', null, null, null);
INSERT INTO `tb_sysresource` VALUES ('297e36d447907a42014790979f820026', '/dept/deptDelete.action', '0', '/dept/deptDelete.action', '/dept/deptDelete.action', '/dept/deptDelete.action', '4', null, null, null);
INSERT INTO `tb_sysresource` VALUES ('297e36d447907a4201479098b9aa0028', '/dept/deptUpdate.action', '0', '/dept/deptUpdate.action', '/dept/deptUpdate.action', '/dept/deptUpdate.action', '4', null, null, null);
INSERT INTO `tb_sysresource` VALUES ('297e36d447907a420147909d770a0038', '/html/dept/currentUserForDept.jsp', '0', '/html/dept/currentUserForDept.jsp', '/html/dept/currentUserForDept.jsp', '/html/dept/currentUserForDept.jsp', '4', null, null, null);
INSERT INTO `tb_sysresource` VALUES ('297e36d447907a420147909e71e80039', '/html/dept/allocateUserForDept.jsp', '0', '/html/dept/allocateUserForDept.jsp', '/html/dept/allocateUserForDept.jsp', '/html/dept/allocateUserForDept.jsp', '4', null, null, null);
INSERT INTO `tb_sysresource` VALUES ('297e36d447907a420147909f4fc1003a', '/dept/allocateUserForDept.action', '0', '/dept/allocateUserForDept.action', '/dept/allocateUserForDept.action', '/dept/allocateUserForDept.action', '4', null, null, null);
INSERT INTO `tb_sysresource` VALUES ('297e36d447907a420147909fb931003b', '/dept/userForDeptDel.action', '0', '/dept/userForDeptDel.action', '/dept/userForDeptDel.action', '/dept/userForDeptDel.action', '4', null, null, null);
INSERT INTO `tb_sysresource` VALUES ('297e36d447907a42014790b93e110055', '/sysresource/searchModuleCaptionName.action', '0', '/sysresource/searchModuleCaptionName.action', '/sysresource/searchModuleCaptionName.action', '/sysresource/searchModuleCaptionName.action', '4', null, null, null);
INSERT INTO `tb_sysresource` VALUES ('297e36d447907a42014790bfd61c005d', '/html/operator/operatorList.jsp', '0', '/html/operator/operatorList.jsp', '/html/operator/operatorList.jsp', '/html/operator/operatorList.jsp', '4', null, null, null);
INSERT INTO `tb_sysresource` VALUES ('4028688146efadc10146efbab1c80002', '/html/sysresource/sysResourceItem.jsp', '402880ff407bff6201407c0d3f470001', '子资源维护', '子资源维护', '/html/sysresource/sysResourceItem.jsp', '3', null, null, null);
INSERT INTO `tb_sysresource` VALUES ('40286881477faef501477fb1b51e0002', '/sysresourceItem/getAllSubSysResource.action', '0', '子资源维护—所有Action资源', '获取所有的Acion资源', '/sysresourceItem/getAllSubSysResource.action', '4', null, null, null);
INSERT INTO `tb_sysresource` VALUES ('40286881477faef501477fb27c240003', '/html/sysresourceItem/saveSysResourceItem.action', '4028688146efadc10146efbab1c80002', '子资源维护—提交', '提交', '/html/sysresourceItem/saveSysResourceItem.action', '1', null, null, null);
INSERT INTO `tb_sysresource` VALUES ('40286881477faef501477fb333f50004', '/sysresourceItem/saveSysResourceItem.action', '0', '子资源维护—提交子资源', '提交子资源', '/sysresourceItem/saveSysResourceItem.action', '4', null, null, null);
INSERT INTO `tb_sysresource` VALUES ('40286881477faef501477fb42cc20005', '/sysresourceItem/getSubResource.action', '0', '子资源维护—某资源下的所有Action资源', '某资源下的所有Action资源', '/sysresourceItem/getSubResource.action', '4', null, null, null);
INSERT INTO `tb_sysresource` VALUES ('40286881477faef501477fb703db0007', '/sysresourceItem/searchSubCaptionName.action', '0', '子资源维护—查询子资源', '查询子资源', '/sysresourceItem/searchSubCaptionName.action', '4', null, null, null);
INSERT INTO `tb_sysresource` VALUES ('40286881477faef501477fb787810008', '/sysresourceItem/getTreeMenuOnlySysResource.action', '0', '子资源维护—菜单树', '菜单树', '/sysresourceItem/getTreeMenuOnlySysResource.action', '4', null, null, null);
INSERT INTO `tb_sysresource` VALUES ('40286881478ac5f401478adacbf5000a', '/html/sysresource/sysResourceAdd.jsp', '4028800140cd20680140cd4b6e2e0005', '资源管理—添加', '添加', 'sysresource_add', '1', null, null, null);
INSERT INTO `tb_sysresource` VALUES ('40286881478ac5f401478adcc101000b', '/html/sysresource/sysResourceUpdate.jsp', '4028800140cd20680140cd4b6e2e0005', '资源管理—编辑', '编辑', 'sysresource_edit', '1', null, null, null);
INSERT INTO `tb_sysresource` VALUES ('40286881478ac5f401478addd070000c', '/html/sysresource/sysResourceDelete', '4028800140cd20680140cd4b6e2e0005', '资源管理—删除', '删除', 'sysresource_del', '1', null, null, null);
INSERT INTO `tb_sysresource` VALUES ('40286881478ac5f401478adf37fc000d', '/html/sysesource/sysResourceSave', '40286881478ac5f401478adacbf5000a', '资源管理—添加—保存', '保存', 'sysresource_save', '1', null, null, null);
INSERT INTO `tb_sysresource` VALUES ('40286881478ac5f401478ae02cf8000e', '/html/sysresource/sysresourceSave', '40286881478ac5f401478adcc101000b', '资源管理—编辑—保存', '保存', 'sysresource_save', '1', null, null, null);
INSERT INTO `tb_sysresource` VALUES ('40286881478af78c01478afc45640004', '/user/loadUserListDataGrid.action', '0', '/user/loadUserListDataGrid.action', 'user', '/user/loadUserListDataGrid.action', '4', null, null, null);
INSERT INTO `tb_sysresource` VALUES ('40288000407f79a101407fa634990005', '/job/saveJobsForUsers.action', '402880ff407ad49101407bec82c9000c', '职务信息—设置用户—确定', '确定', 'job_setUser_save', '1', null, null, null);
INSERT INTO `tb_sysresource` VALUES ('4028800040848cd9014084e92a410002', '/job/delJobsForUsers.action', '402880ff407ad49101407bec82c9000c', '职务信息—设置用户—删除', '删除', 'job_setUser_del', '1', null, null, null);
INSERT INTO `tb_sysresource` VALUES ('402880013fd05227013fd06220830002', '0', '402880f75f280231015f281b1fca0008', '用户管理', '0', 'userManage', '2', null, null, null);
INSERT INTO `tb_sysresource` VALUES ('402880013fd05227013fd0631e9a0003', '/html/user/userList.jsp', '402880013fd05227013fd06220830002', '用户信息', '用户信息列表', 'user', '3', null, null, null);
INSERT INTO `tb_sysresource` VALUES ('402880013fd05227013fd066197a0004', '/user/userUpdate.action', '402880013fd05227013fd0631e9a0003', '用户信息—编辑', '编辑', 'user_edit', '1', null, null, null);
INSERT INTO `tb_sysresource` VALUES ('402880013fd05227013fd066aec50005', '/html/user/userAdd.jsp', '402880013fd05227013fd0631e9a0003', '用户信息—添加', '添加', 'user_add', '1', null, null, null);
INSERT INTO `tb_sysresource` VALUES ('402880013fd05227013fd06793970006', '/user/userDelete.action', '402880013fd05227013fd0631e9a0003', '用户信息—删除', '删除', 'user_del', '1', null, null, null);
INSERT INTO `tb_sysresource` VALUES ('402880013fd05227013fd068f54a0007', '/html/dept/deptList.jsp', '402880013fd05227013fd06220830002', '部门信息 ', '部门信息列表', 'depart', '3', null, null, null);
INSERT INTO `tb_sysresource` VALUES ('402880013fd05227013fd069c1260008', '/html/dept/deptAdd.jsp', '402880013fd05227013fd068f54a0007', '部门信息—添加', '添加', 'depart_add', '1', null, null, null);
INSERT INTO `tb_sysresource` VALUES ('402880013fd05227013fd06a4a0d0009', '/dept/deptUpdate.action', '402880013fd05227013fd068f54a0007', '部门信息—编辑', '编辑', 'depart_edit', '1', null, null, null);
INSERT INTO `tb_sysresource` VALUES ('402880013fd05227013fd06a960a000a', '/dept/deptDelete.action', '402880013fd05227013fd068f54a0007', '部门信息—删除', '删除', 'depart_del', '1', null, null, null);
INSERT INTO `tb_sysresource` VALUES ('402880013fd05227013fd06fbe0c000d', '/html/job/jobList.jsp', '402880013fd05227013fd06220830002', '职务信息', '职务信息列表', 'job', '3', null, null, null);
INSERT INTO `tb_sysresource` VALUES ('402880013fd05227013fd06fbe0c008d', '/html/user/personPaswUpdate.jsp', '402880013fd05227013fd06220830002', '密码修改', '密码修改列表', 'pawUpdate', '3', null, null, null);
INSERT INTO `tb_sysresource` VALUES ('402880013fd05227013fd070fbfa000e', '/html/job/jobAdd.jsp', '402880013fd05227013fd06fbe0c000d', '职务信息—添加', '添加', 'job_add', '1', null, null, null);
INSERT INTO `tb_sysresource` VALUES ('402880013fd05227013fd0721ab8000f', '/job/jobUpdate.action', '402880013fd05227013fd06fbe0c000d', '职务信息—编辑', '编辑', 'job_edit', '1', null, null, null);
INSERT INTO `tb_sysresource` VALUES ('402880013fd05227013fd072ae000010', '/job/delJobs.action', '402880013fd05227013fd06fbe0c000d', '职务信息—删除', '删除', 'job_del', '1', null, null, null);
INSERT INTO `tb_sysresource` VALUES ('4028800140cd20680140cd4b6e2e0005', '/sysresource/getSysResourceList.action', '402880ff407bff6201407c0d3f470001', '资源管理', '资源管理', 'sysManage', '3', null, null, null);
INSERT INTO `tb_sysresource` VALUES ('4028800140cd20680140cd4b6e2e006d', '/html/operator/operatorList.jsp', '4028800140cd20680140cd4b6e2e007d', '操作日志', '操作日志列表', 'logList', '3', null, null, null);
INSERT INTO `tb_sysresource` VALUES ('4028800140cd20680140cd4b6e2e007d', '0', '402880f75f280231015f281b1fca0008', '操作日志', '0', 'userLogManager', '2', null, null, null);
INSERT INTO `tb_sysresource` VALUES ('4028805e42c5b21e0142c5c9b697003b', '/operator/loadOperatorListDataGrid.action', '0', '/operator/loadOperatorListDataGrid.action', 'operator', '/operator/loadOperatorListDataGrid.action', '4', null, null, null);
INSERT INTO `tb_sysresource` VALUES ('4028805e42c5b21e0142c69083890236', '/operator/getOperatorList.action', '0', '/operator/getOperatorList.action', 'operator', '/operator/getOperatorList.action', '4', null, null, null);
INSERT INTO `tb_sysresource` VALUES ('4028805e42c5b21e0142c694346c0241', '/dept/getDeptData.action', '0', '/dept/getDeptData.action', 'dept', '/dept/getDeptData.action', '4', null, null, null);
INSERT INTO `tb_sysresource` VALUES ('4028805e42c5b21e0142c694ca820244', '/dept/loadDeptListDataGrid.action', '0', '/dept/loadDeptListDataGrid.action', 'dept', '/dept/loadDeptListDataGrid.action', '4', null, null, null);
INSERT INTO `tb_sysresource` VALUES ('4028805e42c5b21e0142c695e5f40247', '/dept/delDepart.action', '0', '/dept/delDepart.action', 'dept', '/dept/delDepart.action', '4', null, null, null);
INSERT INTO `tb_sysresource` VALUES ('4028805e42c5b21e0142c697567c024c', '/dept/departUpdate.action', '0', '/dept/departUpdate.action', 'dept', '/dept/departUpdate.action', '4', null, null, null);
INSERT INTO `tb_sysresource` VALUES ('4028805e42c5b21e0142c6984b8a024f', '/dept/departAdd.action', '0', '/dept/departAdd.action', 'dept', '/dept/departAdd.action', '4', null, null, null);
INSERT INTO `tb_sysresource` VALUES ('4028805e42c5b21e0142c698c2be0250', '/dept/showDeptDetails.action', '0', '/dept/showDeptDetails.action', 'dept', '/dept/showDeptDetails.action', '4', null, null, null);
INSERT INTO `tb_sysresource` VALUES ('4028805e42c5b21e0142c6994e640253', '/dept/getDepartList.action', '0', '/dept/getDepartList.action', 'dept', '/dept/getDepartList.action', '4', null, null, null);
INSERT INTO `tb_sysresource` VALUES ('4028805e42c5b21e0142c69af3c70258', '/dept/saveDepart.action', '0', '/dept/saveDepart.action', 'dept', '/dept/saveDepart.action', '4', null, null, null);
INSERT INTO `tb_sysresource` VALUES ('4028805e42c5b21e0142c69bdc23025b', '/dept/saveDeptForUsers.action', '0', '/dept/saveDeptForUsers.action', 'dept', '/dept/saveDeptForUsers.action', '4', null, null, null);
INSERT INTO `tb_sysresource` VALUES ('4028805e42c5b21e0142c69c6e41025c', '/dept/delDeptForUsers.action', '0', '/dept/delDeptForUsers.action', 'dept', '/dept/delDeptForUsers.action', '4', null, null, null);
INSERT INTO `tb_sysresource` VALUES ('4028805e42c5b21e0142c69ce46b025f', '/dept/getDeptParentSelectBody.action', '0', '/dept/getDeptParentSelectBody.action', 'dept', '/dept/getDeptParentSelectBody.action', '4', null, null, null);
INSERT INTO `tb_sysresource` VALUES ('4028805e42c5b21e0142c69e16060262', '/dept/isExists.action', '0', '/dept/isExists.action', 'dept', '/dept/isExists.action', '4', null, null, null);
INSERT INTO `tb_sysresource` VALUES ('4028805e42c5b21e0142c69f13fd0265', '/dept/loadChildrenOnlyDepart.action', '0', '/dept/loadChildrenOnlyDepart.action', 'dept', '/dept/loadChildrenOnlyDepart.action', '4', null, null, null);
INSERT INTO `tb_sysresource` VALUES ('4028805e42c5b21e0142c6a5508c0275', '/job/getJobList.action', '0', '/job/getJobList.action', 'job', '/job/getJobList.action', '4', null, null, null);
INSERT INTO `tb_sysresource` VALUES ('4028805e42c5b21e0142c6a5eba30276', '/job/loadJobListDataGrid.action', '0', '/job/loadJobListDataGrid.action', 'job', '/job/loadJobListDataGrid.action', '4', null, null, null);
INSERT INTO `tb_sysresource` VALUES ('4028805e42c5b21e0142c6a6767e0279', '/job/jobUpdate.action', '0', '/job/jobUpdate.action', 'job', '/job/jobUpdate.action', '4', null, null, null);
INSERT INTO `tb_sysresource` VALUES ('4028805e42c5b21e0142c6a70b3c027c', '/job/JobDelete.action', '0', '/job/JobDelete.action', 'job', '/job/JobDelete.action', '4', null, null, null);
INSERT INTO `tb_sysresource` VALUES ('4028805e42c5b21e0142c6a81605027f', '/job/saveJobs.action', '0', '/job/saveJobs.action', 'job', '/job/saveJobs.action', '4', null, null, null);
INSERT INTO `tb_sysresource` VALUES ('4028805e42c5b21e0142c6a8b5140280', '/job/userForJobSave.action', '0', '/job/userForJobSave.action', 'job', '/job/userForJobSave.action', '4', null, null, null);
INSERT INTO `tb_sysresource` VALUES ('4028805e42c5b21e0142c6a93d7e0283', '/job/userForJobDel.action', '0', '/job/userForJobDel.action', '/job/userForJobDel.action', '/job/userForJobDel.action', '4', null, null, null);
INSERT INTO `tb_sysresource` VALUES ('4028805e42c5b21e0142c6a9dda60286', '/job/isExists.action', '0', '/job/isExists.action', 'job', '/job/isExists.action', '4', null, null, null);
INSERT INTO `tb_sysresource` VALUES ('4028805e42c5b21e0142c6b58a9a02a8', '/role/getRoleList.action', '0', '/role/getRoleList.action', 'role', '/role/getRoleList.action', '4', null, null, null);
INSERT INTO `tb_sysresource` VALUES ('4028805e42c5b21e0142c6b6088402ab', '/role/loadRoleListDataGrid.action', '0', '/role/loadRoleListDataGrid.action', 'role', '/role/loadRoleListDataGrid.action', '4', null, null, null);
INSERT INTO `tb_sysresource` VALUES ('4028805e42c5b21e0142c6b6853602ac', '/role/addRole.action', '0', '/role/addRole.action', 'role', '/role/addRole.action', '4', null, null, null);
INSERT INTO `tb_sysresource` VALUES ('4028805e42c5b21e0142c6b718bc02af', '/role/delRole.action', '0', '/role/delRole.action', 'role', '/role/delRole.action', '4', null, null, null);
INSERT INTO `tb_sysresource` VALUES ('4028805e42c5b21e0142c6b7932b02b0', '/role/roleUpdate.action', '0', '/role/roleUpdate.action', 'role', '/role/roleUpdate.action', '4', null, null, null);
INSERT INTO `tb_sysresource` VALUES ('4028805e42c5b21e0142c6b81b1802b3', '/role/roleCheckBox.action', '0', '/role/roleCheckBox.action', 'role', '/role/roleCheckBox.action', '4', null, null, null);
INSERT INTO `tb_sysresource` VALUES ('4028805e42c5b21e0142c6b8995102b4', '/role/loadUsersAllotRoles.action', '0', '/role/loadUsersAllotRoles.action', 'role', '/role/loadUsersAllotRoles.action', '4', null, null, null);
INSERT INTO `tb_sysresource` VALUES ('4028805e42c5b21e0142c6b9324502b7', '/role/loadRoleCheckBox.action', '0', '/role/loadRoleCheckBox.action', 'role', '/role/loadRoleCheckBox.action', '4', null, null, null);
INSERT INTO `tb_sysresource` VALUES ('4028805e42c5b21e0142c6b9bcd202ba', '/role/delRoleToUser.action', '0', '/role/delRoleToUser.action', 'role', '/role/delRoleToUser.action', '4', null, null, null);
INSERT INTO `tb_sysresource` VALUES ('4028805e42c5b21e0142c6ba4a7b02bb', '/role/getRoleCheckBoxList.action', '0', '/role/getRoleCheckBoxList.action', 'role', '/role/getRoleCheckBoxList.action', '4', null, null, null);
INSERT INTO `tb_sysresource` VALUES ('4028805e42c5b21e0142c6bac86602be', '/role/saveUserToRole.action', '0', '/role/saveUserToRole.action', 'role', '/role/saveUserToRole.action', '4', null, null, null);
INSERT INTO `tb_sysresource` VALUES ('4028805e42c5b21e0142c6bb4c3c02bf', '/role/saveSysresourceForRole.action', '0', '/role/saveSysresourceForRole.action', 'role', '/role/saveSysresourceForRole.action', '4', null, null, null);
INSERT INTO `tb_sysresource` VALUES ('4028805e42c5b21e0142c6bbdb7c02c2', '/role/saveRoleForUsers.action', '0', '/role/saveRoleForUsers.action', 'role', '/role/saveRoleForUsers.action', '4', null, null, null);
INSERT INTO `tb_sysresource` VALUES ('4028805e42c5b21e0142c6bc747002c5', '/role/deleteRoleForUsers.action', '0', '/role/deleteRoleForUsers.action', 'role', '/role/deleteRoleForUsers.action', '4', null, null, null);
INSERT INTO `tb_sysresource` VALUES ('4028805e42c5b21e0142c6bd09e902c6', '/role/isExists.action', '0', '/role/isExists.action', 'role', '/role/isExists.action', '4', null, null, null);
INSERT INTO `tb_sysresource` VALUES ('4028805e42c5b21e0142c6bfbce402cd', '/sysresource/getSysResourceList.action', '0', '/sysresource/getSysResourceList.action', 'sysresource', '/sysresource/getSysResourceList.action', '4', null, null, null);
INSERT INTO `tb_sysresource` VALUES ('4028805e42c5b21e0142c6c0461902d0', '/sysresource/loadSysResourceListDataGrid.action', '0', '/sysresource/loadSysResourceListDataGrid.action', 'sysresource', '/sysresource/loadSysResourceListDataGrid.action', '4', null, null, null);
INSERT INTO `tb_sysresource` VALUES ('4028805e42c5b21e0142c6c0f4a902d1', '/sysresource/delSysResource.action', '0', '/sysresource/delSysResource.action', 'sysresource', '/sysresource/delSysResource.action', '4', null, null, null);
INSERT INTO `tb_sysresource` VALUES ('4028805e42c5b21e0142c6c18d5e02d4', '/sysresource/sysResourceAdd.action', '0', '/sysresource/sysResourceAdd.action', 'sysresource', '/sysresource/sysResourceAdd.action', '4', null, null, null);
INSERT INTO `tb_sysresource` VALUES ('4028805e42c5b21e0142c6c216f102d7', '/sysresource/sysResourceUpdate.action', '0', '/sysresource/sysResourceUpdate.action', 'sysresource', '/sysresource/sysResourceUpdate.action', '4', null, null, null);
INSERT INTO `tb_sysresource` VALUES ('4028805e42c5b21e0142c6c2a2b602d8', '/sysresource/saveSysResource.action', '0', '/sysresource/saveSysResource.action', 'sysresource', '/sysresource/saveSysResource.action', '4', null, null, null);
INSERT INTO `tb_sysresource` VALUES ('4028805e42c5b21e0142c6c34d0002db', '/sysresource/isExists.action', '0', '/sysresource/isExists.action', 'sysresource', '/sysresource/isExists.action', '4', null, null, null);
INSERT INTO `tb_sysresource` VALUES ('4028805e42c5b21e0142c6c3d9cf02dc', '/sysresource/getParentSysourSelId.action', '0', '/sysresource/getParentSysourSelId.action', 'sysresource', '/sysresource/getParentSysourSelId.action', '4', null, null, null);
INSERT INTO `tb_sysresource` VALUES ('4028805e42c5b21e0142c6c46fa602df', '/sysresource/getSysResourInfoList.action', '0', '/sysresource/getSysResourInfoList.action', 'sysresource', '/sysresource/getSysResourInfoList.action', '4', null, null, null);
INSERT INTO `tb_sysresource` VALUES ('4028805e42c5b21e0142c6c5c6ab02e4', '/user/getUserData.action', '0', '/user/getUserData.action', 'sysuser', '/user/getUserData.action', '4', null, null, null);
INSERT INTO `tb_sysresource` VALUES ('4028805e42c5b21e0142c6c65d9b02e5', '/user/loadClientDataGrid.action', '0', '/user/loadClientDataGrid.action', 'sysuser', '/user/loadClientDataGrid.action', '4', null, null, null);
INSERT INTO `tb_sysresource` VALUES ('4028805e42c5b21e0142c6c6e4fc02e8', '/user/userUpdate.action', '0', '/user/userUpdate.action', 'sysuser', '/user/userUpdate.action', '4', null, null, null);
INSERT INTO `tb_sysresource` VALUES ('4028805e42c5b21e0142c6c77e1f02e9', '/user/clientAdd.action', '0', '/user/clientAdd.action', 'sysuser', '/user/clientAdd.action', '4', null, null, null);
INSERT INTO `tb_sysresource` VALUES ('4028805e42c5b21e0142c6c81c3402ec', '/user/userDelete.action', '0', '/user/userDelete.action', 'sysuser', '/user/userDelete.action', '4', null, null, null);
INSERT INTO `tb_sysresource` VALUES ('4028805e42c5b21e0142c6c8a98f02ef', '/user/userSave.action', '0', '/user/userSave.action', 'sysuser', '/user/userSave.action', '4', null, null, null);
INSERT INTO `tb_sysresource` VALUES ('4028805e42c5b21e0142c6c94c6702f0', '/user/showUserDetails.action', '0', '/user/showUserDetails.action', 'sysuser', '/user/showUserDetails.action', '4', null, null, null);
INSERT INTO `tb_sysresource` VALUES ('4028805e42c5b21e0142c6c9daeb02f3', '/user/loadUserForDeptDataGrid.action', '0', '/user/loadUserForDeptDataGrid.action', 'sysuser', '/user/loadUserForDeptDataGrid.action', '4', null, null, null);
INSERT INTO `tb_sysresource` VALUES ('4028805e42c5b21e0142c6ca866d02f6', '/user/loadDeptOthersUserDataGrid.action', '0', '/user/loadDeptOthersUserDataGrid.action', 'sysuser', '/user/loadDeptOthersUserDataGrid.action', '4', null, null, null);
INSERT INTO `tb_sysresource` VALUES ('4028805e42c5b21e0142c6cb1c9302f7', '/user/addUsersToJobs.action', '0', '/user/addUsersToJobs.action', 'sysuser', '/user/addUsersToJobs.action', '4', null, null, null);
INSERT INTO `tb_sysresource` VALUES ('4028805e42c5b21e0142c6cbb70e02fa', '/user/loadJobsForUserDataGrid.action', '0', '/user/loadJobsForUserDataGrid.action', 'sysuser', '/user/loadJobsForUserDataGrid.action', '4', null, null, null);
INSERT INTO `tb_sysresource` VALUES ('4028805e42c5b21e0142c6cdc75002ff', '/user/addUsersToRole.action', '0', '/user/addUsersToRole.action', 'sysuser', '/user/addUsersToRole.action', '4', null, null, null);
INSERT INTO `tb_sysresource` VALUES ('4028805e42c5b21e0142c6ce63de0302', '/user/loadRoleForUserDataGrid.action', '0', '/user/loadRoleForUserDataGrid.action', 'sysuser', '/user/loadRoleForUserDataGrid.action', '4', null, null, null);
INSERT INTO `tb_sysresource` VALUES ('4028805e42c5b21e0142c6cef4370303', '/user/updatePersonInfo.action', '0', '/user/updatePersonInfo.action', 'sysuser', '/user/updatePersonInfo.action', '4', null, null, null);
INSERT INTO `tb_sysresource` VALUES ('4028805e42c5b21e0142c6cf76380306', '/user/updatePersonPasword.action', '0', '/user/updatePersonPasword.action', 'sysuser', '/user/updatePersonPasword.action', '4', null, null, null);
INSERT INTO `tb_sysresource` VALUES ('4028805e42c5b21e0142c6d00d580309', '/user/updateAllPersonPasword.action', '0', '/user/updateAllPersonPasword.action', 'sysuser', '/user/updateAllPersonPasword.action', '4', null, null, null);
INSERT INTO `tb_sysresource` VALUES ('4028805e42c5b21e0142c6d0a9b7030a', '/user/otherIsExists.action', '0', '/user/otherIsExists.action', 'sysuser', '/user/otherIsExists.action', '4', null, null, null);
INSERT INTO `tb_sysresource` VALUES ('4028805e42c5b21e0142c6d148c6030d', '/user/isExists.action', '0', '/user/isExists.action', 'sysuser', '/user/isExists.action', '4', null, null, null);
INSERT INTO `tb_sysresource` VALUES ('4028805e42c5b21e0142c6d1d8830310', '/user/savePaswordExists.action', '0', '/user/savePaswordExists.action', 'sysuser', '/user/savePaswordExists.action', '4', null, null, null);
INSERT INTO `tb_sysresource` VALUES ('4028805e42c5b21e0142c6d280b90311', '/user/loadTodoListGrid.action', '0', '/user/loadTodoListGrid.action', 'sysuser', '/user/loadTodoListGrid.action', '4', null, null, null);
INSERT INTO `tb_sysresource` VALUES ('4028805e42c5b21e0142c6d32e4f0314', '/user/loadAdminScoreListGrid.action', '0', '/user/loadAdminScoreListGrid.action', 'sysuser', '/user/loadAdminScoreListGrid.action', '4', null, null, null);
INSERT INTO `tb_sysresource` VALUES ('4028805e42d4d32d0142d691be58045e', '/html/client/addUserForDept.jsp', '0', '/html/client/addUserForDept.jsp', 'client', '/html/client/addUserForDept.jsp', '4', null, null, null);
INSERT INTO `tb_sysresource` VALUES ('4028805e42d4d32d0142d6922c16045f', '/html/client/addRoleForUsers.jsp', '0', '/html/client/addRoleForUsers.jsp', 'client', '/html/client/addRoleForUsers.jsp', '4', null, null, null);
INSERT INTO `tb_sysresource` VALUES ('4028805e42d4d32d0142d692e5050463', '/html/dept/addUsersToDept.jsp', '0', '/html/dept/addUsersToDept.jsp', 'dept', '/html/dept/addUsersToDept.jsp', '4', null, null, null);
INSERT INTO `tb_sysresource` VALUES ('4028805e42d4d32d0142d693562e0464', '/html/dept/userListDeptSelect.jsp', '0', '/html/dept/userListDeptSelect.jsp', 'dept', '/html/dept/userListDeptSelect.jsp', '4', null, null, null);
INSERT INTO `tb_sysresource` VALUES ('4028805e42d4d32d0142d693b3520467', '/html/job/jobAdd.jsp', '0', '/html/job/jobAdd.jsp', 'job', '/html/job/jobAdd.jsp', '4', null, null, null);
INSERT INTO `tb_sysresource` VALUES ('4028805e42d4d32d0142d6943a640468', '/html/person/personAllPaswUpdate.jsp', '0', '/html/person/personAllPaswUpdate.jsp', 'person', '/html/person/personAllPaswUpdate.jsp', '4', null, null, null);
INSERT INTO `tb_sysresource` VALUES ('402880ea42da18c40142db973e3c0374', '/user/userSave.action', '402880013fd05227013fd066aec50005', '用户信息—添加—保存', '保存', '/user/userSave.action', '1', null, null, null);
INSERT INTO `tb_sysresource` VALUES ('402880ea42da18c40142db98551b0377', '/html/user/allocateDeptForUser.jsp', '402880013fd05227013fd066aec50005', '用户信息—添加—选择部门', '选择部门', '/html/client/addUserForDept.jsp', '1', null, null, null);
INSERT INTO `tb_sysresource` VALUES ('402880ea42da18c40142db9959b9037b', '/dept/deptSave.action', '402880013fd05227013fd069c1260008', '部门信息—添加—保存', '保存', '/dept/saveDepart.action', '1', null, null, null);
INSERT INTO `tb_sysresource` VALUES ('402880ea42da18c40142db9a4978037d', '/job/saveJobs.action', '402880013fd05227013fd070fbfa000e', '职务信息—添加—保存', '保存', '/job/saveJobs.action', '1', null, null, null);
INSERT INTO `tb_sysresource` VALUES ('402880ea42da18c40142db9bafcf0381', '/sysuser/updateAllPersonPasword.action', '402880013fd05227013fd06fbe0c008d', '密码修改—保存', '密码修改—保存', '/sysuser/updateAllPersonPasword.action', '1', null, null, null);
INSERT INTO `tb_sysresource` VALUES ('402880ee42fdff520142ff53ebd207c9', '/user/searchUserByUserName.action', '0', '用户信息—检索', 'sysuser', '/sysuser/searchUserByUserName.action', '4', null, null, null);
INSERT INTO `tb_sysresource` VALUES ('402880f242e04b530142e09947d500fe', '/role/addRole.action', '402880e846ef52bb0146ef6195670002', '用户信息—分配角色—分配角色—增加角色—保存', '分配角色—增加角色—保存', '/role/addRole.action', '1', null, null, null);
INSERT INTO `tb_sysresource` VALUES ('402880f7456805e60145688d9823002b', '/dept/loadChildren.action', '0', '/dept/loadChildren.action', 'dept', '/dept/loadChildren.action', '4', null, null, null);
INSERT INTO `tb_sysresource` VALUES ('402880f7456805e6014569542f6e0088', '/html/user/userPaswUpdate.jsp', '402880013fd05227013fd0631e9a0003', '用户信息—修改密码', '用户修改密码', '/html/client/personPaswUpdate.jsp', '1', null, null, null);
INSERT INTO `tb_sysresource` VALUES ('402880f7456805e6014569542f6e0089', '/user/personPaswUpdate.action', '0', '修改密码', 'sysuser', '/user/personPaswUpdate.action', '4', null, null, null);
INSERT INTO `tb_sysresource` VALUES ('402880f75f280231015f281b1fca0008', '0', '0', '系统管理', '0', 'systemManager', '2', null, '2', '2');
INSERT INTO `tb_sysresource` VALUES ('402880f75f280231015f281b52290009', '0', '0', '业务管理', '0', 'businessManager', '2', null, '1', '1');
INSERT INTO `tb_sysresource` VALUES ('402880ff407ad49101407bb063bc0004', '/html/dept/currentUserForDept.jsp', '402880013fd05227013fd068f54a0007', '部门信息—设置用户', '设置用户', 'depart_setUser', '1', null, null, null);
INSERT INTO `tb_sysresource` VALUES ('402880ff407ad49101407bc3c26a0005', '/role/delRoleToUser.action', '402880e846ef52bb0146ef6195670002', '用户信息—分配角色—删除', '删除', 'user_allotRole_del', '1', null, null, null);
INSERT INTO `tb_sysresource` VALUES ('402880ff407ad49101407bcaa0f50006', '/role/getRoleCheckBoxList.action', '402880e846ef52bb0146ef6195670002', '用户信息—分配角色—分配角色', '分配角色', 'user_allotRole_allotRole', '1', null, null, null);
INSERT INTO `tb_sysresource` VALUES ('402880ff407ad49101407bceaa770007', '/role/saveUserToRole.action', '402880e846ef52bb0146ef6195670002', '用户信息—分配角色—分配角色—保存', '保存', 'user_allotRole_allotRole_save', '1', null, null, null);
INSERT INTO `tb_sysresource` VALUES ('402880ff407ad49101407bcfae4b0008', '/html/role/addRoles.jsp', '402880e846ef52bb0146ef6195670002', '用户信息—分配角色—分配角色—增加角色', '添加', 'user_allotRole_allotRole_addRole', '1', null, null, null);
INSERT INTO `tb_sysresource` VALUES ('402880ff407ad49101407bde38950009', '/dept/userForDeptDel.action', '402880ff407ad49101407bb063bc0004', '部门信息—设置用户—删除', '删除', 'depart_setUser_del', '1', null, null, null);
INSERT INTO `tb_sysresource` VALUES ('402880ff407ad49101407be10fa2000a', '/html/dept/allocateUserForDept.jsp', '402880ff407ad49101407bb063bc0004', '部门信息—设置用户—分配用户', '分配用户', 'depart_setUser_allotUser', '1', null, null, null);
INSERT INTO `tb_sysresource` VALUES ('402880ff407ad49101407be5f0e7000b', '/dept/allocateUserForDept.action', '402880ff407ad49101407be10fa2000a', '部门信息—设置用户—分配用户—保存', '保存', 'depart_setUser_allotUser_save', '1', null, null, null);
INSERT INTO `tb_sysresource` VALUES ('402880ff407ad49101407bec82c9000c', '/sysuser/addUsersToJobs.action', '402880013fd05227013fd06fbe0c000d', '职务信息—设置用户', '设置用户', 'job_setUser', '1', null, null, null);
INSERT INTO `tb_sysresource` VALUES ('402880ff407bff6201407c0d3f470001', '0', '402880f75f280231015f281b1fca0008', '权限管理', '0', 'authorizationManage', '2', null, null, null);
INSERT INTO `tb_sysresource` VALUES ('402880ff407bff6201407c0dca220002', '/role/getRoleList.action', '402880ff407bff6201407c0d3f470001', '角色管理', '角色管理列表', 'roleList', '3', null, null, null);
INSERT INTO `tb_sysresource` VALUES ('402880ff407bff6201407c0dca2200d3', '/html/sysresource/supForsubResource.jsp', '402880ff407bff6201407c0d3f470001', '资源-子资源维护', '资源-子资源维护', 'sysresource_subresource', '3', null, null, null);
INSERT INTO `tb_sysresource` VALUES ('402880ff407bff6201407c14e1de0006', '/sysresource/getSysResourInfoList.action', '402880ff407bff6201407c0dca220002', '角色管理—分配资源', '分配资源', 'role_allotSysource', '1', null, null, null);
INSERT INTO `tb_sysresource` VALUES ('402880ff407bff6201407c159b1c0007', '/sysuser/addUsersToRole.action', '402880ff407bff6201407c0dca220002', '角色管理—设置用户', '设置用户', 'role_setUser', '1', null, null, null);
INSERT INTO `tb_sysresource` VALUES ('402880ff407bff6201407c18d8840008', '/role/deleteRoleForUsers.action', '402880ff407bff6201407c159b1c0007', '角色管理—设置用户—删除', '删除', 'role_setUser_del', '1', null, null, null);
INSERT INTO `tb_sysresource` VALUES ('402880ff407bff6201407c23f7610009', '/role/saveRoleForUsers.action', '402880ff407bff6201407c159b1c0007', '角色管理—设置用户—确定', '保存', 'role_setUser_save', '1', null, null, null);



INSERT INTO `tb_sysresource_item` VALUES ('297e36d4478effde01478f078cf90004', '402880ff407bff6201407c0dca220002', '4028805e42c5b21e0142c6b58a9a02a8');
INSERT INTO `tb_sysresource_item` VALUES ('297e36d4478effde01478f078d270005', '402880ff407bff6201407c0dca220002', '4028805e42c5b21e0142c6b6088402ab');
INSERT INTO `tb_sysresource_item` VALUES ('297e36d4478f3fe501478f422dc90002', '402880ea42da18c40142db98551b0377', '4028805e42c5b21e0142c69f13fd0265');
INSERT INTO `tb_sysresource_item` VALUES ('297e36d4478f3fe501478f44c5710003', '402880ea42da18c40142db973e3c0374', '4028805e42c5b21e0142c6c8a98f02ef');
INSERT INTO `tb_sysresource_item` VALUES ('297e36d4478f48eb01478f4d490f0004', '402880013fd05227013fd06793970006', '4028805e42c5b21e0142c6c81c3402ec');
INSERT INTO `tb_sysresource_item` VALUES ('297e36d4478f48eb01478f5304cb0007', '297e36d4478f48eb01478f51f8060006', '4028805e42c5b21e0142c6c8a98f02ef');
INSERT INTO `tb_sysresource_item` VALUES ('297e36d4478f48eb01478f5369b00008', '297e36d4478f48eb01478f50dac70005', '4028805e42c5b21e0142c69f13fd0265');
INSERT INTO `tb_sysresource_item` VALUES ('297e36d4478f48eb01478f595ad5000b', '402880ea42da18c40142db9bafcf0381', '402880f7456805e6014569542f6e0089');
INSERT INTO `tb_sysresource_item` VALUES ('297e36d4478f48eb01478f5fdadc000e', '297e36d4478f48eb01478f5cfcf5000c', '402880f7456805e6014569542f6e0089');
INSERT INTO `tb_sysresource_item` VALUES ('297e36d4478f6a0b01478f7064b90005', '402880013fd05227013fd068f54a0007', '4028805e42c5b21e0142c694ca820244');
INSERT INTO `tb_sysresource_item` VALUES ('297e36d4478f7f9701478f842db60007', '402880013fd05227013fd066197a0004', '4028805e42c5b21e0142c6c6e4fc02e8');
INSERT INTO `tb_sysresource_item` VALUES ('297e36d4478f7f9701478f842dde0008', '402880013fd05227013fd066197a0004', '4028805e42c5b21e0142c6d148c6030d');
INSERT INTO `tb_sysresource_item` VALUES ('297e36d447901f380147902174d60007', '4028688146efadc10146efbab1c80002', '40286881477faef501477fb1b51e0002');
INSERT INTO `tb_sysresource_item` VALUES ('297e36d447901f380147902174f30008', '4028688146efadc10146efbab1c80002', '40286881477faef501477fb42cc20005');
INSERT INTO `tb_sysresource_item` VALUES ('297e36d447901f380147902175110009', '4028688146efadc10146efbab1c80002', '40286881477faef501477fb787810008');
INSERT INTO `tb_sysresource_item` VALUES ('297e36d447901f3801479021752c000a', '4028688146efadc10146efbab1c80002', '40286881477faef501477fb703db0007');
INSERT INTO `tb_sysresource_item` VALUES ('297e36d447901f3801479023a6bf000c', '402880013fd05227013fd06fbe0c000d', '4028805e42c5b21e0142c6a5eba30276');
INSERT INTO `tb_sysresource_item` VALUES ('297e36d447901f3801479024a065000e', '402880013fd05227013fd070fbfa000e', '4028805e42d4d32d0142d693b3520467');
INSERT INTO `tb_sysresource_item` VALUES ('297e36d447901f380147902911a00012', '402880ea42da18c40142db9a4978037d', '297e36d447901f3801479028a6380011');
INSERT INTO `tb_sysresource_item` VALUES ('297e36d447901f380147902b3e1e0016', '402880013fd05227013fd0721ab8000f', '4028805e42c5b21e0142c6a6767e0279');
INSERT INTO `tb_sysresource_item` VALUES ('297e36d447901f380147902d6d3c0018', '297e36d447901f380147902d1cdd0017', '297e36d447901f3801479028a6380011');
INSERT INTO `tb_sysresource_item` VALUES ('297e36d447901f380147902dcb1d0019', '402880013fd05227013fd072ae000010', '4028805e42c5b21e0142c6a70b3c027c');
INSERT INTO `tb_sysresource_item` VALUES ('297e36d44790363101479037b0480002', '402880ff407ad49101407bec82c9000c', '297e36d447901f380147903369ec0022');
INSERT INTO `tb_sysresource_item` VALUES ('297e36d44790363101479037b0660003', '402880ff407ad49101407bec82c9000c', '4028805e42c5b21e0142c6cbb70e02fa');
INSERT INTO `tb_sysresource_item` VALUES ('297e36d44790363101479037b0820004', '402880ff407ad49101407bec82c9000c', '402880f7456805e60145688d9823002b');
INSERT INTO `tb_sysresource_item` VALUES ('297e36d4479036310147903cc9150007', '40288000407f79a101407fa634990005', '4028805e42c5b21e0142c6a8b5140280');
INSERT INTO `tb_sysresource_item` VALUES ('297e36d44790363101479040405a000b', '4028800040848cd9014084e92a410002', '4028805e42c5b21e0142c6a93d7e0283');
INSERT INTO `tb_sysresource_item` VALUES ('297e36d4479054d50147905eedd4000b', '297e36d4479054d5014790575c4c0002', '297e36d4479054d501479057add60003');
INSERT INTO `tb_sysresource_item` VALUES ('297e36d4479054d50147905eede8000c', '297e36d4479054d5014790575c4c0002', '4028805e42c5b21e0142c6c34d0002db');
INSERT INTO `tb_sysresource_item` VALUES ('297e36d4479054d50147905f2a03000d', '297e36d4479054d50147905cecf40008', '4028805e42c5b21e0142c6c2a2b602d8');
INSERT INTO `tb_sysresource_item` VALUES ('297e36d4479054d501479063ecd90014', '297e36d4479054d50147906320910012', '297e36d4479054d5014790639a590013');
INSERT INTO `tb_sysresource_item` VALUES ('297e36d4479054d50147906a2696001f', '402880013fd05227013fd066aec50005', '4028805e42c5b21e0142c6d148c6030d');
INSERT INTO `tb_sysresource_item` VALUES ('297e36d4479054d50147906a26b20020', '402880013fd05227013fd066aec50005', '297e36d4479054d501479069f306001e');
INSERT INTO `tb_sysresource_item` VALUES ('297e36d4479054d50147907335280022', '402880f7456805e6014569542f6e0088', '297e36d4479054d50147907308c40021');
INSERT INTO `tb_sysresource_item` VALUES ('297e36d447907a4201479085c6a8000d', '297e36d447907a420147907d0cf50002', '297e36d447907a420147907dd2730003');
INSERT INTO `tb_sysresource_item` VALUES ('297e36d447907a4201479085c6e8000e', '297e36d447907a420147907d0cf50002', '4028805e42c5b21e0142c6bd09e902c6');
INSERT INTO `tb_sysresource_item` VALUES ('297e36d447907a42014790867e90000f', '297e36d447907a4201479084f182000b', '4028805e42c5b21e0142c6b6853602ac');
INSERT INTO `tb_sysresource_item` VALUES ('297e36d447907a420147908ce60d0016', '297e36d447907a420147908821510010', '4028805e42c5b21e0142c6b7932b02b0');
INSERT INTO `tb_sysresource_item` VALUES ('297e36d447907a420147908ce6390017', '297e36d447907a420147908821510010', '4028805e42c5b21e0142c6bd09e902c6');
INSERT INTO `tb_sysresource_item` VALUES ('297e36d447907a420147908d12d60018', '297e36d447907a420147908c35900015', '4028805e42c5b21e0142c6b6853602ac');
INSERT INTO `tb_sysresource_item` VALUES ('297e36d447907a420147909012d1001e', '402880013fd05227013fd0631e9a0003', '40286881478af78c01478afc45640004');
INSERT INTO `tb_sysresource_item` VALUES ('297e36d447907a4201479095f9db0021', '402880013fd05227013fd069c1260008', '4028805e42c5b21e0142c69ce46b025f');
INSERT INTO `tb_sysresource_item` VALUES ('297e36d447907a4201479095fa010022', '402880013fd05227013fd069c1260008', '4028805e42c5b21e0142c69e16060262');
INSERT INTO `tb_sysresource_item` VALUES ('297e36d447907a4201479095fa180023', '402880013fd05227013fd069c1260008', '297e36d447907a4201479095b20c0020');
INSERT INTO `tb_sysresource_item` VALUES ('297e36d447907a420147909747590025', '402880ea42da18c40142db9959b9037b', '297e36d447907a4201479096f14d0024');
INSERT INTO `tb_sysresource_item` VALUES ('297e36d447907a42014790980fac0027', '402880013fd05227013fd06a960a000a', '297e36d447907a42014790979f820026');
INSERT INTO `tb_sysresource_item` VALUES ('297e36d447907a420147909a47b00034', '402880013fd05227013fd06a4a0d0009', '297e36d447907a4201479098b9aa0028');
INSERT INTO `tb_sysresource_item` VALUES ('297e36d447907a420147909a47ec0035', '402880013fd05227013fd06a4a0d0009', '4028805e42c5b21e0142c69ce46b025f');
INSERT INTO `tb_sysresource_item` VALUES ('297e36d447907a420147909a480f0036', '402880013fd05227013fd06a4a0d0009', '4028805e42c5b21e0142c69e16060262');
INSERT INTO `tb_sysresource_item` VALUES ('297e36d447907a420147909a92850037', '297e36d4478f7f9701478f8a271f0010', '297e36d447907a4201479096f14d0024');
INSERT INTO `tb_sysresource_item` VALUES ('297e36d447907a42014790a00ac5003c', '402880ff407ad49101407bb063bc0004', '4028805e42c5b21e0142c6c9daeb02f3');
INSERT INTO `tb_sysresource_item` VALUES ('297e36d447907a42014790a00ae0003d', '402880ff407ad49101407bb063bc0004', '297e36d447907a420147909d770a0038');
INSERT INTO `tb_sysresource_item` VALUES ('297e36d447907a42014790a08a7a003e', '402880ff407ad49101407be10fa2000a', '4028805e42c5b21e0142c6ca866d02f6');
INSERT INTO `tb_sysresource_item` VALUES ('297e36d447907a42014790a08a9f003f', '402880ff407ad49101407be10fa2000a', '297e36d447907a420147909e71e80039');
INSERT INTO `tb_sysresource_item` VALUES ('297e36d447907a42014790a2b35b0042', '402880ff407ad49101407be5f0e7000b', '297e36d447907a420147909f4fc1003a');
INSERT INTO `tb_sysresource_item` VALUES ('297e36d447907a42014790a467600043', '402880ff407ad49101407bde38950009', '297e36d447907a420147909fb931003b');
INSERT INTO `tb_sysresource_item` VALUES ('297e36d447907a42014790a574210044', '402880013fd05227013fd06fbe0c008d', '297e36d4479054d50147907308c40021');
INSERT INTO `tb_sysresource_item` VALUES ('297e36d447907a42014790af43680047', '4028800140cd20680140cd4b6e2e0005', '4028805e42c5b21e0142c6bfbce402cd');
INSERT INTO `tb_sysresource_item` VALUES ('297e36d447907a42014790af437b0048', '4028800140cd20680140cd4b6e2e0005', '4028805e42c5b21e0142c6c0461902d0');
INSERT INTO `tb_sysresource_item` VALUES ('297e36d447907a42014790b27b3e004a', '297e36d447907a420147908de09b0019', '4028805e42c5b21e0142c6b718bc02af');
INSERT INTO `tb_sysresource_item` VALUES ('297e36d447907a42014790b5d378004c', '402880ff407bff6201407c159b1c0007', '297e36d4478effde01478f0c6f750007');
INSERT INTO `tb_sysresource_item` VALUES ('297e36d447907a42014790b5d39d004d', '402880ff407bff6201407c159b1c0007', '4028805e42c5b21e0142c6ce63de0302');
INSERT INTO `tb_sysresource_item` VALUES ('297e36d447907a42014790b5d3b9004e', '402880ff407bff6201407c159b1c0007', '402880f7456805e60145688d9823002b');
INSERT INTO `tb_sysresource_item` VALUES ('297e36d447907a42014790b64518004f', '402880ff407bff6201407c23f7610009', '4028805e42c5b21e0142c6bbdb7c02c2');
INSERT INTO `tb_sysresource_item` VALUES ('297e36d447907a42014790b674b90050', '402880ff407bff6201407c18d8840008', '4028805e42c5b21e0142c6bc747002c5');
INSERT INTO `tb_sysresource_item` VALUES ('297e36d447907a42014790b9a6e80056', '402880ff407bff6201407c0dca2200d3', '297e36d4479036310147904fe30f0012');
INSERT INTO `tb_sysresource_item` VALUES ('297e36d447907a42014790b9a7120057', '402880ff407bff6201407c0dca2200d3', '297e36d44790363101479050cdce0014');
INSERT INTO `tb_sysresource_item` VALUES ('297e36d447907a42014790b9a7220058', '402880ff407bff6201407c0dca2200d3', '297e36d447907a42014790b93e110055');
INSERT INTO `tb_sysresource_item` VALUES ('297e36d447907a42014790c12bd50062', '4028800140cd20680140cd4b6e2e006d', '4028805e42c5b21e0142c5c9b697003b');
INSERT INTO `tb_sysresource_item` VALUES ('297e36d447907a42014790c12c160063', '4028800140cd20680140cd4b6e2e006d', '297e36d447907a42014790bfd61c005d');
INSERT INTO `tb_sysresource_item` VALUES ('40286881478ac5f401478aee06370012', '40286881478ac5f401478adf37fc000d', '4028805e42c5b21e0142c6c2a2b602d8');
INSERT INTO `tb_sysresource_item` VALUES ('40286881478ac5f401478af142da0017', '40286881478ac5f401478adcc101000b', '4028805e42c5b21e0142c6c216f102d7');
INSERT INTO `tb_sysresource_item` VALUES ('40286881478ac5f401478af142ea0018', '40286881478ac5f401478adcc101000b', '4028805e42c5b21e0142c6c3d9cf02dc');
INSERT INTO `tb_sysresource_item` VALUES ('40286881478ac5f401478af143090019', '40286881478ac5f401478adcc101000b', '4028805e42c5b21e0142c6c34d0002db');
INSERT INTO `tb_sysresource_item` VALUES ('40286881478ac5f401478af17208001a', '40286881478ac5f401478ae02cf8000e', '4028805e42c5b21e0142c6c2a2b602d8');
INSERT INTO `tb_sysresource_item` VALUES ('40286881478ac5f401478af22a75001b', '40286881478ac5f401478adacbf5000a', '4028805e42c5b21e0142c6c34d0002db');
INSERT INTO `tb_sysresource_item` VALUES ('40286881478ac5f401478af22a85001c', '40286881478ac5f401478adacbf5000a', '4028805e42c5b21e0142c6c3d9cf02dc');
INSERT INTO `tb_sysresource_item` VALUES ('40286881478ac5f401478af22aa4001d', '40286881478ac5f401478adacbf5000a', '4028805e42c5b21e0142c6c18d5e02d4');
INSERT INTO `tb_sysresource_item` VALUES ('40286881478ac5f401478af30b2f001e', '40286881478ac5f401478addd070000c', '4028805e42c5b21e0142c6c0f4a902d1');
INSERT INTO `tb_sysresource_item` VALUES ('8a8a8a814780bc17014780c47f9e000b', '40286881477faef501477fb27c240003', '40286881477faef501477fb333f50004');


insert into tb_user (ID, USER_NAME, ACCOUNT_NAME, PWD, IDCARD, PHONE, ADDRESS, BEGINDATE, ENDDATE, ISOPEN, USERSOURCE, DATATYPE, CREATOR, FLAG, PLAINTEXT_PWD, STATION)
values ('0', '超级管理员', 'admin', 'c542ce036729b9b367ae1ba25e29ba63', '411010198605041582', '15218253118', '中国', null, null, '0', '1', '0', '0', 1, null, null);

insert into user_role (ID, USERID, ROLEID)
values (null, '0', '0');

